{
  "performances": {
    "GPT-4 (2023)": [
      0.8448357076505616,
      0.8130867849414407,
      0.8523844269050346,
      0.8961514928204012,
      0.8082923312638332,
      0.8082931521525409,
      0.8989606407753695,
      0.8583717364576454,
      0.7965262807032524,
      0.8471280021792982,
      0.7968291153593768,
      0.7967135123214871,
      0.8320981135783017,
      0.7243359877671101,
      0.7337541083743483,
      0.7918856235379513,
      0.7693584439832788,
      0.8357123666297637,
      0.7745987962239393,
      0.7493848149332354,
      0.8932824384460777,
      0.8087111849756732,
      0.8233764102343961,
      0.7487625906893272,
      0.7927808637737408,
      0.8255461294854932,
      0.7624503211288848,
      0.8387849009172835,
      0.7899680655040597,
      0.8054153125103362,
      0.78991466938853,
      0.9126139092254468,
      0.8193251387631032,
      0.767114453552205,
      0.8611272456051594,
      0.7589578175014489,
      0.8304431797502377,
      0.7220164938060112,
      0.7535906975550785,
      0.8298430617934561,
      0.8569233289997704,
      0.8285684140594984,
      0.8142175858805879,
      0.8049448152205355,
      0.7460739004816286,
      0.7840077895802645,
      0.7969680614520106,
      0.8728561113109458,
      0.837180914478423,
      0.7318479922318633,
      0.8362041984697397,
      0.8007458859791842,
      0.786153899984702,
      0.8505838144420433,
      0.8715499761247975,
      0.8665640059558098,
      0.778039123838868
    ],
    "GPT-4o (2024)": [
      0.8445393812074392,
      0.8765631715701782,
      0.908777256356118,
      0.8360412881077355,
      0.8507170511668092,
      0.8046832512996985,
      0.8001896687959664,
      0.9006262911197099,
      0.9278120014285411,
      0.8563994939209832,
      0.9101766448946012,
      0.8780818012523817,
      0.8277440122697438,
      0.8780697802754207,
      0.9369018283232985,
      0.8582086980445024,
      0.9382321827907003,
      0.7290127447955128,
      0.9010951252187612,
      0.8643523534119085,
      0.8450496324767066,
      0.8645880388267752,
      0.7606215542699554,
      0.8490164056081244,
      0.8778556285755873,
      0.9338947022370758,
      0.8340864890863177,
      0.8195753198553406,
      0.8349121478207732,
      0.9057701058851036,
      0.8764375554829842,
      0.8335119898116481,
      0.8856633716556678,
      0.864853877467402,
      0.9084322495266445,
      0.8248973453061323,
      0.8436168926701115,
      0.8403945923433921,
      0.7868242525933941,
      0.8748060138532288,
      0.8730527636089944,
      0.860255672832123,
      0.8482706433312427,
      0.7892314628974793,
      0.8389677338617321,
      0.8428642741736615,
      0.8198861365389191,
      0.8519357144166996,
      0.880202542840727,
      0.9543092950605265,
      0.868728890641592,
      0.8728775195361382,
      0.8562777042116916,
      0.7640614392350479,
      0.8586743062275392,
      0.8630115104970513,
      0.98
    ],
    "Claude-3 Opus": [
      0.8203819517609439,
      0.8450773671166806,
      0.8082644115147378,
      0.8215660981190234,
      0.887141140725751,
      0.8475966516343386,
      0.8495515973521522,
      0.764530627260263,
      0.8801397155468049,
      0.7599074468603859,
      0.8393428546900135,
      0.9195227812904989,
      0.7604731837434655,
      0.8016851135198614,
      0.814982568254382,
      0.78482621729419,
      0.7524668284466933,
      0.8334281487403014,
      0.7568848143136947,
      0.833679621531759,
      0.7640287882883098,
      0.957496720250877,
      0.7908373353831881,
      0.8138969241897162,
      0.8706758608684835,
      0.7484567841783022,
      0.8413729967302064,
      0.8753571377141214,
      0.7496258382719385,
      0.8192316929266151,
      0.8929941397124211,
      0.9190911435888656,
      0.7681524644560959,
      0.7639771693457862,
      0.9060970782808448,
      0.8948492336616594,
      0.8925246425172938,
      0.8273224104748488,
      0.7959987639210754,
      0.8416126848580502,
      0.844653623664934,
      0.7942824290986815,
      0.9732887255572378,
      0.9036916460455894,
      0.7704348251398675,
      0.9128276804316915,
      0.8312659164886339,
      0.8693542301871225,
      0.9379297789503702,
      0.7889658840824144,
      0.8781688064622161,
      0.8506390463468249,
      0.8711030079997245,
      0.9248396491326973,
      0.8177305941998564,
      0.7923131917821254,
      0.8355242785187238
    ],
    "Claude-3.5 Sonnet": [
      0.829209485751728,
      0.8661449145292948,
      0.8870575987408322,
      0.883834539966501,
      0.9113591624518012,
      0.8706500945938953,
      0.9426767038578658,
      0.8567671583381022,
      0.98,
      0.9012833673882503,
      0.8271421221791859,
      0.8164553750969443,
      0.8941236207621592,
      0.8588268607337074,
      0.9057000247046046,
      0.8936618812286773,
      0.8663585543671564,
      0.8276603140965797,
      0.7942576387657068,
      0.847674252396649,
      0.9128199397161736,
      0.8807046872065102,
      0.8077130610644006,
      0.8786590462925591,
      0.8892658689864419,
      0.8258071281899433,
      0.8776862552972764,
      0.8729104359223,
      0.8128514851084688,
      0.8878893680174141,
      0.8980392263184117,
      0.9241525621587638,
      0.9226901026017451,
      0.8011165316021455,
      0.8231087480042438,
      0.8957517633604329,
      0.8956892975456104,
      0.8957523843153024,
      0.98,
      0.8985445255346584,
      0.9267782820090299,
      0.9177000881746601,
      0.9025695625652899,
      0.8542365377679827,
      0.9079484610246633,
      0.8313587392731214,
      0.8581590696629996,
      0.8457318226085448,
      0.8740937069693161,
      0.98,
      0.7766367403704126,
      0.9043130095187256,
      0.7893642064405174,
      0.8464034067105283,
      0.9244475298483683,
      0.8732140009547731,
      0.8161127611035347
    ],
    "Gemini 1.5 Pro": [
      0.7742348145370016,
      0.8439798874467338,
      0.8234816684141433,
      0.7908229294790988,
      0.8122785919951907,
      0.8274199826197093,
      0.9671972044662664,
      0.8916959511159006,
      0.7587428706671198,
      0.8193227157384715,
      0.8269106767615807,
      0.9026216667398113,
      0.8203739630783651,
      0.8042631779266551,
      0.885249363949023,
      0.9032877597085062,
      0.7499851796472112,
      0.7932749382079526,
      0.8362527344419523,
      0.8273335383713145,
      0.9482727120140549,
      0.8002490855480479,
      0.7469558022832478,
      0.8558930973527389,
      0.9161078098506317,
      0.9116232630275575,
      0.7340315017022994,
      0.8357882963566875,
      0.8733455574593312,
      0.824616526719061,
      0.8021909714073114,
      0.8187317026714669,
      0.7636534764210959,
      0.80702373219691,
      0.6179366329965463,
      0.7287806179332855,
      0.767371592430342,
      0.7976108409017576,
      0.8916205651965818,
      0.7384929311019685,
      0.7879977756651508,
      0.8165370288643046,
      0.8520636644533058,
      0.7082068924410281,
      0.868158187607748,
      0.7805116530509794,
      0.7309245674476025,
      0.8331051737131636,
      0.7899529847786735,
      0.7799891561420603,
      0.813490104249501,
      0.790734320156912,
      0.8156758672625625,
      0.8431065337260524,
      0.8893008408072677,
      0.7481092250586576,
      0.8866516687328134
    ],